<annotation>
	<folder>my-project-name</folder>
	<filename>1.jpg</filename>
	<path>/my-project-name/1.jpg</path>
	<source>
		<database>Unspecified</database>
	</source>
	<size>
		<width>2000</width>
		<height>1331</height>
		<depth>3</depth>
	</size>
	<object>
		<name>helmet</name>
		<pose>Unspecified</pose>
		<truncated>Unspecified</truncated>
		<difficult>Unspecified</difficult>
		<bndbox>
			<xmin>74</xmin>
			<ymin>471</ymin>
			<xmax>307</xmax>
			<ymax>620</ymax>
		</bndbox>
	</object>
	<object>
		<name>helmet</name>
		<pose>Unspecified</pose>
		<truncated>Unspecified</truncated>
		<difficult>Unspecified</difficult>
		<bndbox>
			<xmin>466</xmin>
			<ymin>154</ymin>
			<xmax>740</xmax>
			<ymax>346</ymax>
		</bndbox>
	</object>
	<object>
		<name>helmet</name>
		<pose>Unspecified</pose>
		<truncated>Unspecified</truncated>
		<difficult>Unspecified</difficult>
		<bndbox>
			<xmin>777</xmin>
			<ymin>255</ymin>
			<xmax>966</xmax>
			<ymax>400</ymax>
		</bndbox>
	</object>
	<object>
		<name>helmet</name>
		<pose>Unspecified</pose>
		<truncated>Unspecified</truncated>
		<difficult>Unspecified</difficult>
		<bndbox>
			<xmin>764</xmin>
			<ymin>464</ymin>
			<xmax>973</xmax>
			<ymax>633</ymax>
		</bndbox>
	</object>
	<object>
		<name>helmet</name>
		<pose>Unspecified</pose>
		<truncated>Unspecified</truncated>
		<difficult>Unspecified</difficult>
		<bndbox>
			<xmin>1196</xmin>
			<ymin>316</ymin>
			<xmax>1345</xmax>
			<ymax>461</ymax>
		</bndbox>
	</object>
	<object>
		<name>helmet</name>
		<pose>Unspecified</pose>
		<truncated>Unspecified</truncated>
		<difficult>Unspecified</difficult>
		<bndbox>
			<xmin>1399</xmin>
			<ymin>167</ymin>
			<xmax>1622</xmax>
			<ymax>356</ymax>
		</bndbox>
	</object>
</annotation>