<annotation>
	<folder>my-project-name</folder>
	<filename>10.jpg</filename>
	<path>/my-project-name/10.jpg</path>
	<source>
		<database>Unspecified</database>
	</source>
	<size>
		<width>450</width>
		<height>300</height>
		<depth>3</depth>
	</size>
	<object>
		<name>helmet</name>
		<pose>Unspecified</pose>
		<truncated>Unspecified</truncated>
		<difficult>Unspecified</difficult>
		<bndbox>
			<xmin>227</xmin>
			<ymin>27</ymin>
			<xmax>297</xmax>
			<ymax>77</ymax>
		</bndbox>
	</object>
</annotation>