<annotation>
	<folder>my-project-name</folder>
	<filename>11.jpg</filename>
	<path>/my-project-name/11.jpg</path>
	<source>
		<database>Unspecified</database>
	</source>
	<size>
		<width>500</width>
		<height>333</height>
		<depth>3</depth>
	</size>
	<object>
		<name>helmet</name>
		<pose>Unspecified</pose>
		<truncated>Unspecified</truncated>
		<difficult>Unspecified</difficult>
		<bndbox>
			<xmin>95</xmin>
			<ymin>121</ymin>
			<xmax>122</xmax>
			<ymax>150</ymax>
		</bndbox>
	</object>
	<object>
		<name>helmet</name>
		<pose>Unspecified</pose>
		<truncated>Unspecified</truncated>
		<difficult>Unspecified</difficult>
		<bndbox>
			<xmin>177</xmin>
			<ymin>164</ymin>
			<xmax>197</xmax>
			<ymax>189</ymax>
		</bndbox>
	</object>
	<object>
		<name>helmet</name>
		<pose>Unspecified</pose>
		<truncated>Unspecified</truncated>
		<difficult>Unspecified</difficult>
		<bndbox>
			<xmin>231</xmin>
			<ymin>164</ymin>
			<xmax>249</xmax>
			<ymax>182</ymax>
		</bndbox>
	</object>
</annotation>