<annotation>
	<folder>my-project-name</folder>
	<filename>16.jpg</filename>
	<path>/my-project-name/16.jpg</path>
	<source>
		<database>Unspecified</database>
	</source>
	<size>
		<width>500</width>
		<height>329</height>
		<depth>3</depth>
	</size>
	<object>
		<name>helmet</name>
		<pose>Unspecified</pose>
		<truncated>Unspecified</truncated>
		<difficult>Unspecified</difficult>
		<bndbox>
			<xmin>124</xmin>
			<ymin>140</ymin>
			<xmax>165</xmax>
			<ymax>172</ymax>
		</bndbox>
	</object>
	<object>
		<name>helmet</name>
		<pose>Unspecified</pose>
		<truncated>Unspecified</truncated>
		<difficult>Unspecified</difficult>
		<bndbox>
			<xmin>66</xmin>
			<ymin>114</ymin>
			<xmax>106</xmax>
			<ymax>141</ymax>
		</bndbox>
	</object>
</annotation>