<annotation>
	<folder>my-project-name</folder>
	<filename>17.jpg</filename>
	<path>/my-project-name/17.jpg</path>
	<source>
		<database>Unspecified</database>
	</source>
	<size>
		<width>500</width>
		<height>333</height>
		<depth>3</depth>
	</size>
	<object>
		<name>helmet</name>
		<pose>Unspecified</pose>
		<truncated>Unspecified</truncated>
		<difficult>Unspecified</difficult>
		<bndbox>
			<xmin>152</xmin>
			<ymin>94</ymin>
			<xmax>211</xmax>
			<ymax>162</ymax>
		</bndbox>
	</object>
	<object>
		<name>helmet</name>
		<pose>Unspecified</pose>
		<truncated>Unspecified</truncated>
		<difficult>Unspecified</difficult>
		<bndbox>
			<xmin>262</xmin>
			<ymin>57</ymin>
			<xmax>345</xmax>
			<ymax>128</ymax>
		</bndbox>
	</object>
</annotation>