<annotation>
	<folder>my-project-name</folder>
	<filename>18.jpg</filename>
	<path>/my-project-name/18.jpg</path>
	<source>
		<database>Unspecified</database>
	</source>
	<size>
		<width>431</width>
		<height>240</height>
		<depth>3</depth>
	</size>
	<object>
		<name>helmet</name>
		<pose>Unspecified</pose>
		<truncated>Unspecified</truncated>
		<difficult>Unspecified</difficult>
		<bndbox>
			<xmin>35</xmin>
			<ymin>81</ymin>
			<xmax>123</xmax>
			<ymax>141</ymax>
		</bndbox>
	</object>
	<object>
		<name>helmet</name>
		<pose>Unspecified</pose>
		<truncated>Unspecified</truncated>
		<difficult>Unspecified</difficult>
		<bndbox>
			<xmin>130</xmin>
			<ymin>45</ymin>
			<xmax>227</xmax>
			<ymax>116</ymax>
		</bndbox>
	</object>
	<object>
		<name>helmet</name>
		<pose>Unspecified</pose>
		<truncated>Unspecified</truncated>
		<difficult>Unspecified</difficult>
		<bndbox>
			<xmin>259</xmin>
			<ymin>18</ymin>
			<xmax>367</xmax>
			<ymax>86</ymax>
		</bndbox>
	</object>
</annotation>