<annotation>
	<folder>my-project-name</folder>
	<filename>19.jpg</filename>
	<path>/my-project-name/19.jpg</path>
	<source>
		<database>Unspecified</database>
	</source>
	<size>
		<width>482</width>
		<height>300</height>
		<depth>3</depth>
	</size>
	<object>
		<name>helmet</name>
		<pose>Unspecified</pose>
		<truncated>Unspecified</truncated>
		<difficult>Unspecified</difficult>
		<bndbox>
			<xmin>134</xmin>
			<ymin>120</ymin>
			<xmax>195</xmax>
			<ymax>168</ymax>
		</bndbox>
	</object>
	<object>
		<name>helmet</name>
		<pose>Unspecified</pose>
		<truncated>Unspecified</truncated>
		<difficult>Unspecified</difficult>
		<bndbox>
			<xmin>240</xmin>
			<ymin>97</ymin>
			<xmax>310</xmax>
			<ymax>152</ymax>
		</bndbox>
	</object>
</annotation>