<annotation>
	<folder>my-project-name</folder>
	<filename>22.jpg</filename>
	<path>/my-project-name/22.jpg</path>
	<source>
		<database>Unspecified</database>
	</source>
	<size>
		<width>500</width>
		<height>375</height>
		<depth>3</depth>
	</size>
	<object>
		<name>helmet</name>
		<pose>Unspecified</pose>
		<truncated>Unspecified</truncated>
		<difficult>Unspecified</difficult>
		<bndbox>
			<xmin>310</xmin>
			<ymin>137</ymin>
			<xmax>331</xmax>
			<ymax>163</ymax>
		</bndbox>
	</object>
	<object>
		<name>helmet</name>
		<pose>Unspecified</pose>
		<truncated>Unspecified</truncated>
		<difficult>Unspecified</difficult>
		<bndbox>
			<xmin>340</xmin>
			<ymin>137</ymin>
			<xmax>365</xmax>
			<ymax>160</ymax>
		</bndbox>
	</object>
	<object>
		<name>helmet</name>
		<pose>Unspecified</pose>
		<truncated>Unspecified</truncated>
		<difficult>Unspecified</difficult>
		<bndbox>
			<xmin>381</xmin>
			<ymin>135</ymin>
			<xmax>407</xmax>
			<ymax>156</ymax>
		</bndbox>
	</object>
	<object>
		<name>helmet</name>
		<pose>Unspecified</pose>
		<truncated>Unspecified</truncated>
		<difficult>Unspecified</difficult>
		<bndbox>
			<xmin>410</xmin>
			<ymin>145</ymin>
			<xmax>438</xmax>
			<ymax>162</ymax>
		</bndbox>
	</object>
</annotation>