<annotation>
	<folder>my-project-name</folder>
	<filename>23.jpg</filename>
	<path>/my-project-name/23.jpg</path>
	<source>
		<database>Unspecified</database>
	</source>
	<size>
		<width>450</width>
		<height>300</height>
		<depth>3</depth>
	</size>
	<object>
		<name>helmet</name>
		<pose>Unspecified</pose>
		<truncated>Unspecified</truncated>
		<difficult>Unspecified</difficult>
		<bndbox>
			<xmin>201</xmin>
			<ymin>39</ymin>
			<xmax>238</xmax>
			<ymax>77</ymax>
		</bndbox>
	</object>
	<object>
		<name>helmet</name>
		<pose>Unspecified</pose>
		<truncated>Unspecified</truncated>
		<difficult>Unspecified</difficult>
		<bndbox>
			<xmin>120</xmin>
			<ymin>42</ymin>
			<xmax>166</xmax>
			<ymax>90</ymax>
		</bndbox>
	</object>
</annotation>