<annotation>
	<folder>my-project-name</folder>
	<filename>24.jpg</filename>
	<path>/my-project-name/24.jpg</path>
	<source>
		<database>Unspecified</database>
	</source>
	<size>
		<width>400</width>
		<height>600</height>
		<depth>3</depth>
	</size>
	<object>
		<name>helmet</name>
		<pose>Unspecified</pose>
		<truncated>Unspecified</truncated>
		<difficult>Unspecified</difficult>
		<bndbox>
			<xmin>95</xmin>
			<ymin>150</ymin>
			<xmax>191</xmax>
			<ymax>230</ymax>
		</bndbox>
	</object>
</annotation>