<annotation>
	<folder>my-project-name</folder>
	<filename>25.jpg</filename>
	<path>/my-project-name/25.jpg</path>
	<source>
		<database>Unspecified</database>
	</source>
	<size>
		<width>640</width>
		<height>426</height>
		<depth>3</depth>
	</size>
	<object>
		<name>helmet</name>
		<pose>Unspecified</pose>
		<truncated>Unspecified</truncated>
		<difficult>Unspecified</difficult>
		<bndbox>
			<xmin>141</xmin>
			<ymin>89</ymin>
			<xmax>225</xmax>
			<ymax>138</ymax>
		</bndbox>
	</object>
	<object>
		<name>helmet</name>
		<pose>Unspecified</pose>
		<truncated>Unspecified</truncated>
		<difficult>Unspecified</difficult>
		<bndbox>
			<xmin>298</xmin>
			<ymin>38</ymin>
			<xmax>385</xmax>
			<ymax>97</ymax>
		</bndbox>
	</object>
</annotation>