<annotation>
	<folder>my-project-name</folder>
	<filename>27.jpg</filename>
	<path>/my-project-name/27.jpg</path>
	<source>
		<database>Unspecified</database>
	</source>
	<size>
		<width>500</width>
		<height>332</height>
		<depth>3</depth>
	</size>
	<object>
		<name>helmet</name>
		<pose>Unspecified</pose>
		<truncated>Unspecified</truncated>
		<difficult>Unspecified</difficult>
		<bndbox>
			<xmin>253</xmin>
			<ymin>26</ymin>
			<xmax>378</xmax>
			<ymax>97</ymax>
		</bndbox>
	</object>
</annotation>