<annotation>
	<folder>my-project-name</folder>
	<filename>3.jpg</filename>
	<path>/my-project-name/3.jpg</path>
	<source>
		<database>Unspecified</database>
	</source>
	<size>
		<width>2112</width>
		<height>2816</height>
		<depth>3</depth>
	</size>
	<object>
		<name>helmet</name>
		<pose>Unspecified</pose>
		<truncated>Unspecified</truncated>
		<difficult>Unspecified</difficult>
		<bndbox>
			<xmin>683</xmin>
			<ymin>393</ymin>
			<xmax>1036</xmax>
			<ymax>746</ymax>
		</bndbox>
	</object>
</annotation>