<annotation>
	<folder>my-project-name</folder>
	<filename>30.jpg</filename>
	<path>/my-project-name/30.jpg</path>
	<source>
		<database>Unspecified</database>
	</source>
	<size>
		<width>500</width>
		<height>333</height>
		<depth>3</depth>
	</size>
	<object>
		<name>helmet</name>
		<pose>Unspecified</pose>
		<truncated>Unspecified</truncated>
		<difficult>Unspecified</difficult>
		<bndbox>
			<xmin>154</xmin>
			<ymin>62</ymin>
			<xmax>232</xmax>
			<ymax>113</ymax>
		</bndbox>
	</object>
	<object>
		<name>helmet</name>
		<pose>Unspecified</pose>
		<truncated>Unspecified</truncated>
		<difficult>Unspecified</difficult>
		<bndbox>
			<xmin>313</xmin>
			<ymin>59</ymin>
			<xmax>424</xmax>
			<ymax>135</ymax>
		</bndbox>
	</object>
</annotation>