<annotation>
	<folder>my-project-name</folder>
	<filename>34.jpg</filename>
	<path>/my-project-name/34.jpg</path>
	<source>
		<database>Unspecified</database>
	</source>
	<size>
		<width>416</width>
		<height>416</height>
		<depth>3</depth>
	</size>
	<object>
		<name>helmet</name>
		<pose>Unspecified</pose>
		<truncated>Unspecified</truncated>
		<difficult>Unspecified</difficult>
		<bndbox>
			<xmin>248</xmin>
			<ymin>131</ymin>
			<xmax>291</xmax>
			<ymax>169</ymax>
		</bndbox>
	</object>
</annotation>