<annotation>
	<folder>my-project-name</folder>
	<filename>36.jpg</filename>
	<path>/my-project-name/36.jpg</path>
	<source>
		<database>Unspecified</database>
	</source>
	<size>
		<width>416</width>
		<height>415</height>
		<depth>3</depth>
	</size>
	<object>
		<name>helmet</name>
		<pose>Unspecified</pose>
		<truncated>Unspecified</truncated>
		<difficult>Unspecified</difficult>
		<bndbox>
			<xmin>139</xmin>
			<ymin>118</ymin>
			<xmax>207</xmax>
			<ymax>177</ymax>
		</bndbox>
	</object>
</annotation>