<annotation>
	<folder>my-project-name</folder>
	<filename>39.jpg</filename>
	<path>/my-project-name/39.jpg</path>
	<source>
		<database>Unspecified</database>
	</source>
	<size>
		<width>416</width>
		<height>415</height>
		<depth>3</depth>
	</size>
	<object>
		<name>helmet</name>
		<pose>Unspecified</pose>
		<truncated>Unspecified</truncated>
		<difficult>Unspecified</difficult>
		<bndbox>
			<xmin>62</xmin>
			<ymin>228</ymin>
			<xmax>100</xmax>
			<ymax>259</ymax>
		</bndbox>
	</object>
	<object>
		<name>helmet</name>
		<pose>Unspecified</pose>
		<truncated>Unspecified</truncated>
		<difficult>Unspecified</difficult>
		<bndbox>
			<xmin>132</xmin>
			<ymin>223</ymin>
			<xmax>162</xmax>
			<ymax>246</ymax>
		</bndbox>
	</object>
	<object>
		<name>helmet</name>
		<pose>Unspecified</pose>
		<truncated>Unspecified</truncated>
		<difficult>Unspecified</difficult>
		<bndbox>
			<xmin>346</xmin>
			<ymin>80</ymin>
			<xmax>416</xmax>
			<ymax>170</ymax>
		</bndbox>
	</object>
</annotation>