<annotation>
	<folder>my-project-name</folder>
	<filename>4.jpg</filename>
	<path>/my-project-name/4.jpg</path>
	<source>
		<database>Unspecified</database>
	</source>
	<size>
		<width>4256</width>
		<height>2832</height>
		<depth>3</depth>
	</size>
	<object>
		<name>helmet</name>
		<pose>Unspecified</pose>
		<truncated>Unspecified</truncated>
		<difficult>Unspecified</difficult>
		<bndbox>
			<xmin>194</xmin>
			<ymin>622</ymin>
			<xmax>1064</xmax>
			<ymax>1233</ymax>
		</bndbox>
	</object>
	<object>
		<name>helmet</name>
		<pose>Unspecified</pose>
		<truncated>Unspecified</truncated>
		<difficult>Unspecified</difficult>
		<bndbox>
			<xmin>1603</xmin>
			<ymin>729</ymin>
			<xmax>1912</xmax>
			<ymax>974</ymax>
		</bndbox>
	</object>
	<object>
		<name>helmet</name>
		<pose>Unspecified</pose>
		<truncated>Unspecified</truncated>
		<difficult>Unspecified</difficult>
		<bndbox>
			<xmin>1891</xmin>
			<ymin>226</ymin>
			<xmax>2329</xmax>
			<ymax>629</ymax>
		</bndbox>
	</object>
	<object>
		<name>helmet</name>
		<pose>Unspecified</pose>
		<truncated>Unspecified</truncated>
		<difficult>Unspecified</difficult>
		<bndbox>
			<xmin>3099</xmin>
			<ymin>471</ymin>
			<xmax>3918</xmax>
			<ymax>974</ymax>
		</bndbox>
	</object>
</annotation>