<annotation>
	<folder>my-project-name</folder>
	<filename>42.jpg</filename>
	<path>/my-project-name/42.jpg</path>
	<source>
		<database>Unspecified</database>
	</source>
	<size>
		<width>415</width>
		<height>416</height>
		<depth>3</depth>
	</size>
	<object>
		<name>helmet</name>
		<pose>Unspecified</pose>
		<truncated>Unspecified</truncated>
		<difficult>Unspecified</difficult>
		<bndbox>
			<xmin>139</xmin>
			<ymin>90</ymin>
			<xmax>202</xmax>
			<ymax>153</ymax>
		</bndbox>
	</object>
	<object>
		<name>helmet</name>
		<pose>Unspecified</pose>
		<truncated>Unspecified</truncated>
		<difficult>Unspecified</difficult>
		<bndbox>
			<xmin>89</xmin>
			<ymin>147</ymin>
			<xmax>125</xmax>
			<ymax>175</ymax>
		</bndbox>
	</object>
	<object>
		<name>helmet</name>
		<pose>Unspecified</pose>
		<truncated>Unspecified</truncated>
		<difficult>Unspecified</difficult>
		<bndbox>
			<xmin>17</xmin>
			<ymin>145</ymin>
			<xmax>47</xmax>
			<ymax>173</ymax>
		</bndbox>
	</object>
</annotation>