<annotation>
	<folder>my-project-name</folder>
	<filename>45.jpg</filename>
	<path>/my-project-name/45.jpg</path>
	<source>
		<database>Unspecified</database>
	</source>
	<size>
		<width>416</width>
		<height>416</height>
		<depth>3</depth>
	</size>
	<object>
		<name>helmet</name>
		<pose>Unspecified</pose>
		<truncated>Unspecified</truncated>
		<difficult>Unspecified</difficult>
		<bndbox>
			<xmin>77</xmin>
			<ymin>130</ymin>
			<xmax>147</xmax>
			<ymax>179</ymax>
		</bndbox>
	</object>
	<object>
		<name>helmet</name>
		<pose>Unspecified</pose>
		<truncated>Unspecified</truncated>
		<difficult>Unspecified</difficult>
		<bndbox>
			<xmin>209</xmin>
			<ymin>119</ymin>
			<xmax>275</xmax>
			<ymax>169</ymax>
		</bndbox>
	</object>
</annotation>