<annotation>
	<folder>my-project-name</folder>
	<filename>47.jpg</filename>
	<path>/my-project-name/47.jpg</path>
	<source>
		<database>Unspecified</database>
	</source>
	<size>
		<width>416</width>
		<height>415</height>
		<depth>3</depth>
	</size>
	<object>
		<name>helmet</name>
		<pose>Unspecified</pose>
		<truncated>Unspecified</truncated>
		<difficult>Unspecified</difficult>
		<bndbox>
			<xmin>82</xmin>
			<ymin>152</ymin>
			<xmax>119</xmax>
			<ymax>177</ymax>
		</bndbox>
	</object>
	<object>
		<name>helmet</name>
		<pose>Unspecified</pose>
		<truncated>Unspecified</truncated>
		<difficult>Unspecified</difficult>
		<bndbox>
			<xmin>238</xmin>
			<ymin>134</ymin>
			<xmax>274</xmax>
			<ymax>162</ymax>
		</bndbox>
	</object>
</annotation>