<annotation>
	<folder>my-project-name</folder>
	<filename>48.jpg</filename>
	<path>/my-project-name/48.jpg</path>
	<source>
		<database>Unspecified</database>
	</source>
	<size>
		<width>416</width>
		<height>415</height>
		<depth>3</depth>
	</size>
	<object>
		<name>helmet</name>
		<pose>Unspecified</pose>
		<truncated>Unspecified</truncated>
		<difficult>Unspecified</difficult>
		<bndbox>
			<xmin>159</xmin>
			<ymin>104</ymin>
			<xmax>220</xmax>
			<ymax>154</ymax>
		</bndbox>
	</object>
	<object>
		<name>helmet</name>
		<pose>Unspecified</pose>
		<truncated>Unspecified</truncated>
		<difficult>Unspecified</difficult>
		<bndbox>
			<xmin>248</xmin>
			<ymin>107</ymin>
			<xmax>302</xmax>
			<ymax>143</ymax>
		</bndbox>
	</object>
</annotation>