<annotation>
	<folder>my-project-name</folder>
	<filename>49.jpg</filename>
	<path>/my-project-name/49.jpg</path>
	<source>
		<database>Unspecified</database>
	</source>
	<size>
		<width>416</width>
		<height>415</height>
		<depth>3</depth>
	</size>
	<object>
		<name>helmet</name>
		<pose>Unspecified</pose>
		<truncated>Unspecified</truncated>
		<difficult>Unspecified</difficult>
		<bndbox>
			<xmin>100</xmin>
			<ymin>116</ymin>
			<xmax>179</xmax>
			<ymax>182</ymax>
		</bndbox>
	</object>
	<object>
		<name>helmet</name>
		<pose>Unspecified</pose>
		<truncated>Unspecified</truncated>
		<difficult>Unspecified</difficult>
		<bndbox>
			<xmin>21</xmin>
			<ymin>94</ymin>
			<xmax>95</xmax>
			<ymax>147</ymax>
		</bndbox>
	</object>
	<object>
		<name>helmet</name>
		<pose>Unspecified</pose>
		<truncated>Unspecified</truncated>
		<difficult>Unspecified</difficult>
		<bndbox>
			<xmin>312</xmin>
			<ymin>100</ymin>
			<xmax>385</xmax>
			<ymax>154</ymax>
		</bndbox>
	</object>
</annotation>