<annotation>
	<folder>my-project-name</folder>
	<filename>5.jpg</filename>
	<path>/my-project-name/5.jpg</path>
	<source>
		<database>Unspecified</database>
	</source>
	<size>
		<width>5000</width>
		<height>3333</height>
		<depth>3</depth>
	</size>
	<object>
		<name>helmet</name>
		<pose>Unspecified</pose>
		<truncated>Unspecified</truncated>
		<difficult>Unspecified</difficult>
		<bndbox>
			<xmin>1039</xmin>
			<ymin>387</ymin>
			<xmax>1959</xmax>
			<ymax>1257</ymax>
		</bndbox>
	</object>
	<object>
		<name>helmet</name>
		<pose>Unspecified</pose>
		<truncated>Unspecified</truncated>
		<difficult>Unspecified</difficult>
		<bndbox>
			<xmin>3463</xmin>
			<ymin>514</ymin>
			<xmax>4375</xmax>
			<ymax>1341</ymax>
		</bndbox>
	</object>
</annotation>