<annotation>
	<folder>my-project-name</folder>
	<filename>50.jpg</filename>
	<path>/my-project-name/50.jpg</path>
	<source>
		<database>Unspecified</database>
	</source>
	<size>
		<width>416</width>
		<height>415</height>
		<depth>3</depth>
	</size>
	<object>
		<name>helmet</name>
		<pose>Unspecified</pose>
		<truncated>Unspecified</truncated>
		<difficult>Unspecified</difficult>
		<bndbox>
			<xmin>166</xmin>
			<ymin>124</ymin>
			<xmax>221</xmax>
			<ymax>171</ymax>
		</bndbox>
	</object>
</annotation>