<annotation>
	<folder>my-project-name</folder>
	<filename>6.jpg</filename>
	<path>/my-project-name/6.jpg</path>
	<source>
		<database>Unspecified</database>
	</source>
	<size>
		<width>4288</width>
		<height>2848</height>
		<depth>3</depth>
	</size>
	<object>
		<name>helmet</name>
		<pose>Unspecified</pose>
		<truncated>Unspecified</truncated>
		<difficult>Unspecified</difficult>
		<bndbox>
			<xmin>674</xmin>
			<ymin>587</ymin>
			<xmax>1115</xmax>
			<ymax>921</ymax>
		</bndbox>
	</object>
	<object>
		<name>helmet</name>
		<pose>Unspecified</pose>
		<truncated>Unspecified</truncated>
		<difficult>Unspecified</difficult>
		<bndbox>
			<xmin>1579</xmin>
			<ymin>747</ymin>
			<xmax>1934</xmax>
			<ymax>1109</ymax>
		</bndbox>
	</object>
	<object>
		<name>helmet</name>
		<pose>Unspecified</pose>
		<truncated>Unspecified</truncated>
		<difficult>Unspecified</difficult>
		<bndbox>
			<xmin>2245</xmin>
			<ymin>703</ymin>
			<xmax>2680</xmax>
			<ymax>1051</ymax>
		</bndbox>
	</object>
	<object>
		<name>helmet</name>
		<pose>Unspecified</pose>
		<truncated>Unspecified</truncated>
		<difficult>Unspecified</difficult>
		<bndbox>
			<xmin>2731</xmin>
			<ymin>587</ymin>
			<xmax>3230</xmax>
			<ymax>964</ymax>
		</bndbox>
	</object>
	<object>
		<name>helmet</name>
		<pose>Unspecified</pose>
		<truncated>Unspecified</truncated>
		<difficult>Unspecified</difficult>
		<bndbox>
			<xmin>3310</xmin>
			<ymin>254</ymin>
			<xmax>4020</xmax>
			<ymax>718</ymax>
		</bndbox>
	</object>
</annotation>