<annotation>
	<folder>my-project-name</folder>
	<filename>8.jpg</filename>
	<path>/my-project-name/8.jpg</path>
	<source>
		<database>Unspecified</database>
	</source>
	<size>
		<width>2592</width>
		<height>3872</height>
		<depth>3</depth>
	</size>
	<object>
		<name>helmet</name>
		<pose>Unspecified</pose>
		<truncated>Unspecified</truncated>
		<difficult>Unspecified</difficult>
		<bndbox>
			<xmin>921</xmin>
			<ymin>375</ymin>
			<xmax>1333</xmax>
			<ymax>760</ymax>
		</bndbox>
	</object>
	<object>
		<name>helmet</name>
		<pose>Unspecified</pose>
		<truncated>Unspecified</truncated>
		<difficult>Unspecified</difficult>
		<bndbox>
			<xmin>930</xmin>
			<ymin>943</ymin>
			<xmax>1360</xmax>
			<ymax>1208</ymax>
		</bndbox>
	</object>
	<object>
		<name>helmet</name>
		<pose>Unspecified</pose>
		<truncated>Unspecified</truncated>
		<difficult>Unspecified</difficult>
		<bndbox>
			<xmin>976</xmin>
			<ymin>1355</ymin>
			<xmax>1479</xmax>
			<ymax>1776</ymax>
		</bndbox>
	</object>
</annotation>