<annotation>
	<folder>my-project-name</folder>
	<filename>9.jpg</filename>
	<path>/my-project-name/9.jpg</path>
	<source>
		<database>Unspecified</database>
	</source>
	<size>
		<width>451</width>
		<height>300</height>
		<depth>3</depth>
	</size>
	<object>
		<name>helmet</name>
		<pose>Unspecified</pose>
		<truncated>Unspecified</truncated>
		<difficult>Unspecified</difficult>
		<bndbox>
			<xmin>153</xmin>
			<ymin>64</ymin>
			<xmax>183</xmax>
			<ymax>91</ymax>
		</bndbox>
	</object>
</annotation>